{"height_error":5.602653980255127,"_timestamp":1.774799887491943e+09,"vz":1.6650933027267456,"action_jerk":1.862927e+06,"_runtime":302,"xy_drift":0.26959317922592163,"vxy":521.7589111328125,"_step":17,"gyro_norm":572.1199951171875,"_wandb":{"runtime":302},"reward_mean":0.23300957679748535,"action_mean":0.8923553228378296}