{"gyro_norm":327.9410400390625,"vxy":263.0926513671875,"action_jerk":83549.78125,"_step":189,"_runtime":648,"vz":1.031702995300293,"_wandb":{"runtime":648},"height_error":4.668329238891602,"xy_drift":1.4986017942428589,"action_mean":0.20643655955791473,"reward_mean":1.9714723825454712,"_timestamp":1.7748031103960829e+09}