{"height_error":5.8632025718688965,"_runtime":152,"gyro_norm":793.9459228515625,"vxy":626.889892578125,"xy_drift":0.7874595522880554,"action_mean":1.2136757373809814,"_timestamp":1.774778654990319e+09,"_wandb":{"runtime":152},"reward_mean":-0.7714709043502808,"action_jerk":5.012813e+06,"_step":1,"vz":2.2514493465423584}