{"vxy":185.01327514648438,"_runtime":737,"xy_drift":1.4727410078048706,"vz":0.8353232145309448,"_timestamp":1.77481225489248e+09,"gyro_norm":230.94456481933594,"reward_mean":1.9633209705352783,"action_jerk":111881.484375,"_wandb":{"runtime":737},"action_mean":0.06396296620368958,"height_error":4.447021484375,"_step":189}