{"vxy":475.98919677734375,"_runtime":244,"height_error":5.380138397216797,"_wandb":{"runtime":244},"reward_mean":0.39242637157440186,"vz":1.7323917150497437,"_step":20,"action_jerk":1.6500035e+06,"action_mean":0.4627714455127716,"gyro_norm":551.170166015625,"xy_drift":0.3721543848514557,"_timestamp":1.774778122558265e+09}