{"xy_drift":1.9054957628250122,"gyro_norm":323.1659240722656,"_step":189,"action_jerk":97553.90625,"vz":1.0529530048370361,"_timestamp":1.7748043966874623e+09,"action_mean":0.18669643998146057,"vxy":260.1502685546875,"_wandb":{"runtime":732},"height_error":4.633641242980957,"reward_mean":1.881255030632019,"_runtime":732}