{"_timestamp":1.7748033464122314e+09,"_step":189,"xy_drift":1.4986017942428589,"_runtime":651,"action_jerk":83549.78125,"action_mean":0.20643655955791473,"height_error":4.668329238891602,"vz":1.031702995300293,"reward_mean":1.9714723825454712,"vxy":263.0926513671875,"_wandb":{"runtime":651},"gyro_norm":327.9410400390625}