{"vxy":265.1394348144531,"action_jerk":107519.4921875,"reward_mean":1.8008756637573242,"xy_drift":2.001093864440918,"_step":189,"gyro_norm":321.4315185546875,"vz":1.0530673265457153,"action_mean":0.18378061056137085,"_wandb":{"runtime":631},"_runtime":631,"height_error":4.6124491691589355,"_timestamp":1.7747794032363863e+09}