{"vxy":225.3614959716797,"xy_drift":0.20222526788711548,"action_mean":0.04793332517147064,"_wandb":{"runtime":1126},"_runtime":1126,"height_error":4.831422328948975,"reward_mean":1.9931116104125977,"action_jerk":16364.59375,"vz":0.6748110055923462,"_timestamp":1.7748918729472697e+09,"gyro_norm":276.01068115234375,"_step":189}