{"vxy":225.36175537109375,"_timestamp":1.7748108632533169e+09,"reward_mean":1.9205117225646973,"_runtime":542,"_step":85,"action_jerk":68694.796875,"height_error":4.831422805786133,"_wandb":{"runtime":542},"action_mean":0.00553191639482975,"gyro_norm":276.0106506347656,"xy_drift":0.20220345258712769,"vz":0.6748120784759521}