{"reward_mean":1.9855306148529053,"_timestamp":1.7748011563860695e+09,"action_jerk":24393.53125,"gyro_norm":276.0106506347656,"_runtime":1053,"vz":0.6748099327087402,"height_error":4.831422328948975,"_step":189,"vxy":225.361083984375,"action_mean":0.10139989852905273,"xy_drift":0.20222049951553345,"_wandb":{"runtime":1053}}