{"xy_drift":0.20220093429088593,"_runtime":538,"height_error":4.831421375274658,"vz":0.6748093962669373,"vxy":225.36099243164062,"action_jerk":70159.53125,"_wandb":{"runtime":538},"_timestamp":1.7748114865257154e+09,"_step":84,"action_mean":0.005545740015804768,"reward_mean":1.9136545658111572,"gyro_norm":276.0098876953125}