{"_step":189,"gyro_norm":327.9410400390625,"_wandb":{"runtime":649},"height_error":4.668329238891602,"action_mean":0.20643655955791473,"_runtime":649,"reward_mean":1.9714723825454712,"vxy":263.0926513671875,"xy_drift":1.4986017942428589,"action_jerk":83549.78125,"vz":1.031702995300293,"_timestamp":1.7748042535282757e+09}