{"gyro_norm":345.84423828125,"_wandb":{"runtime":647},"height_error":4.737832546234131,"action_mean":0.17797531187534332,"reward_mean":1.7427566051483154,"_timestamp":1.7748019046327765e+09,"action_jerk":111101.703125,"vz":1.0873090028762817,"_step":189,"xy_drift":1.7583942413330078,"vxy":264.8471374511719,"_runtime":647}