{"xy_drift":1.6266096830368042,"action_jerk":98042.53125,"gyro_norm":347.1690673828125,"action_mean":0.20734110474586487,"height_error":4.777872562408447,"vxy":281.2384033203125,"_runtime":603,"_timestamp":1.7747952696417272e+09,"_wandb":{"runtime":603},"reward_mean":1.8055857419967651,"vz":1.0532034635543823,"_step":189}