{"vxy":287.09246826171875,"action_mean":0.18829864263534546,"_runtime":321,"action_jerk":319351.71875,"_step":75,"_wandb":{"runtime":321},"gyro_norm":347.9984130859375,"vz":1.108018398284912,"reward_mean":1.5161190032958984,"xy_drift":1.3936632871627808,"_timestamp":1.77477528296541e+09,"height_error":4.7988080978393555}