{"reward_mean":1.881255030632019,"xy_drift":1.9054957628250122,"action_jerk":97553.90625,"vxy":260.1502685546875,"height_error":4.633641242980957,"gyro_norm":323.1659240722656,"_runtime":731,"action_mean":0.18669643998146057,"_wandb":{"runtime":731},"_step":189,"vz":1.0529530048370361,"_timestamp":1.7748102494705782e+09}