{"_runtime":148,"height_error":5.8632025718688965,"vz":2.2514493465423584,"gyro_norm":793.9459228515625,"action_jerk":5.012813e+06,"action_mean":1.2136757373809814,"xy_drift":0.7874595522880554,"_wandb":{"runtime":148},"reward_mean":-0.7714709043502808,"_timestamp":1.774778366992897e+09,"vxy":626.889892578125,"_step":1}