{"vxy":263.0926513671875,"_step":189,"vz":1.031702995300293,"action_jerk":83549.78125,"reward_mean":1.9714723825454712,"_runtime":651,"action_mean":0.20643655955791473,"gyro_norm":327.9410400390625,"xy_drift":1.4986017942428589,"height_error":4.668329238891602,"_wandb":{"runtime":651},"_timestamp":1.774804210924762e+09}